<plannerBenchmarkResult xStreamId="1">
  <name>2020-05-13_183635</name>
  <aggregation>false</aggregation>
  <availableProcessors>8</availableProcessors>
  <loggingLevelOptaPlannerCore>debug</loggingLevelOptaPlannerCore>
  <loggingLevelDroolsCore>warn</loggingLevelDroolsCore>
  <maxMemory>7635730432</maxMemory>
  <optaPlannerVersion>7.38.0-SNAPSHOT</optaPlannerVersion>
  <javaVersion>Java 1.8.0_201 (Oracle Corporation)</javaVersion>
  <javaVM>Java Java HotSpot(TM) 64-Bit Server VM 25.201-b09 (Oracle Corporation)</javaVM>
  <operatingSystem>Linux amd64 4.15.0-99-generic</operatingSystem>
  <parallelBenchmarkCount>1</parallelBenchmarkCount>
  <warmUpTimeMillisSpentLimit>30</warmUpTimeMillisSpentLimit>
  <solverBenchmarkResult xStreamId="2">
    <name>Original configuration</name>
    <subSingleCount>1</subSingleCount>
    <solverConfig xStreamId="3">
      <solutionClass>org.kie.server.services.taskassigning.core.model.TaskAssigningSolution</solutionClass>
      <entityClass>org.kie.server.services.taskassigning.core.model.TaskOrUser</entityClass>
      <entityClass>org.kie.server.services.taskassigning.core.model.Task</entityClass>
      <scoreDirectorFactory xStreamId="4">
        <scoreDrl>org/kie/server/services/taskassigning/solver/taskAssigningScoreRules.drl</scoreDrl>
      </scoreDirectorFactory>
      <constructionHeuristic xStreamId="5"/>
    </solverConfig>
    <singleBenchmarkResult xStreamId="6">
      <subSingleBenchmarkResult xStreamId="7">
        <subSingleBenchmarkIndex>0</subSingleBenchmarkIndex>
        <usedMemoryAfterInputSolution>72839080</usedMemoryAfterInputSolution>
        <succeeded>true</succeeded>
        <score class="org.optaplanner.core.api.score.buildin.bendable.BendableScore" xStreamId="8">[0/0]hard/[0/-181500/0/-30000/0/0]soft</score>
        <timeMillisSpent>210123</timeMillisSpent>
        <scoreCalculationCount>5398502</scoreCalculationCount>
      </subSingleBenchmarkResult>
      <timeMillisSpent>-1</timeMillisSpent>
      <scoreCalculationCount>-1</scoreCalculationCount>
    </singleBenchmarkResult>
    <singleBenchmarkResult xStreamId="9">
      <subSingleBenchmarkResult xStreamId="10">
        <subSingleBenchmarkIndex>0</subSingleBenchmarkIndex>
        <usedMemoryAfterInputSolution>72976904</usedMemoryAfterInputSolution>
        <succeeded>true</succeeded>
        <score class="org.optaplanner.core.api.score.buildin.bendable.BendableScore" xStreamId="11">[-3/0]hard/[0/-181863/0/-30063/0/0]soft</score>
        <timeMillisSpent>204669</timeMillisSpent>
        <scoreCalculationCount>5408405</scoreCalculationCount>
      </subSingleBenchmarkResult>
      <timeMillisSpent>-1</timeMillisSpent>
      <scoreCalculationCount>-1</scoreCalculationCount>
    </singleBenchmarkResult>
    <singleBenchmarkResult xStreamId="12">
      <subSingleBenchmarkResult xStreamId="13">
        <subSingleBenchmarkIndex>0</subSingleBenchmarkIndex>
        <usedMemoryAfterInputSolution>77044440</usedMemoryAfterInputSolution>
        <succeeded>true</succeeded>
        <score class="org.optaplanner.core.api.score.buildin.bendable.BendableScore" xStreamId="14">[0/0]hard/[0/-254100/0/-40200/0/0]soft</score>
        <timeMillisSpent>682559</timeMillisSpent>
        <scoreCalculationCount>23397002</scoreCalculationCount>
      </subSingleBenchmarkResult>
      <timeMillisSpent>-1</timeMillisSpent>
      <scoreCalculationCount>-1</scoreCalculationCount>
    </singleBenchmarkResult>
    <singleBenchmarkResult xStreamId="15">
      <subSingleBenchmarkResult xStreamId="16">
        <subSingleBenchmarkIndex>0</subSingleBenchmarkIndex>
        <usedMemoryAfterInputSolution>77105480</usedMemoryAfterInputSolution>
        <succeeded>true</succeeded>
        <score class="org.optaplanner.core.api.score.buildin.bendable.BendableScore" xStreamId="17">[-3/0]hard/[0/-254331/0/-40239/0/0]soft</score>
        <timeMillisSpent>697065</timeMillisSpent>
        <scoreCalculationCount>23417705</scoreCalculationCount>
      </subSingleBenchmarkResult>
      <timeMillisSpent>-1</timeMillisSpent>
      <scoreCalculationCount>-1</scoreCalculationCount>
    </singleBenchmarkResult>
  </solverBenchmarkResult>
  <solverBenchmarkResult xStreamId="18">
    <name>First Fit (FIRST_FEASIBLE_SCORE)</name>
    <subSingleCount>1</subSingleCount>
    <solverConfig xStreamId="19">
      <solutionClass>org.kie.server.services.taskassigning.core.model.TaskAssigningSolution</solutionClass>
      <entityClass>org.kie.server.services.taskassigning.core.model.TaskOrUser</entityClass>
      <entityClass>org.kie.server.services.taskassigning.core.model.Task</entityClass>
      <scoreDirectorFactory xStreamId="20">
        <scoreDrl>org/kie/server/services/taskassigning/solver/taskAssigningScoreRules.drl</scoreDrl>
      </scoreDirectorFactory>
      <constructionHeuristic xStreamId="21">
        <constructionHeuristicType>FIRST_FIT</constructionHeuristicType>
        <forager xStreamId="22">
          <pickEarlyType>FIRST_FEASIBLE_SCORE</pickEarlyType>
        </forager>
      </constructionHeuristic>
    </solverConfig>
    <singleBenchmarkResult xStreamId="23">
      <subSingleBenchmarkResult xStreamId="24">
        <subSingleBenchmarkIndex>0</subSingleBenchmarkIndex>
        <usedMemoryAfterInputSolution>72961944</usedMemoryAfterInputSolution>
        <succeeded>true</succeeded>
        <score class="org.optaplanner.core.api.score.buildin.bendable.BendableScore" xStreamId="25">[0/0]hard/[0/-16516500/0/-3000000/0/0]soft</score>
        <timeMillisSpent>27333</timeMillisSpent>
        <scoreCalculationCount>303002</scoreCalculationCount>
      </subSingleBenchmarkResult>
      <timeMillisSpent>-1</timeMillisSpent>
      <scoreCalculationCount>-1</scoreCalculationCount>
    </singleBenchmarkResult>
    <singleBenchmarkResult xStreamId="26">
      <subSingleBenchmarkResult xStreamId="27">
        <subSingleBenchmarkIndex>0</subSingleBenchmarkIndex>
        <usedMemoryAfterInputSolution>72979088</usedMemoryAfterInputSolution>
        <succeeded>true</succeeded>
        <score class="org.optaplanner.core.api.score.buildin.bendable.BendableScore" xStreamId="28">[-3/0]hard/[0/-1142163/0/-204663/0/0]soft</score>
        <timeMillisSpent>1107516</timeMillisSpent>
        <scoreCalculationCount>4978280</scoreCalculationCount>
      </subSingleBenchmarkResult>
      <timeMillisSpent>-1</timeMillisSpent>
      <scoreCalculationCount>-1</scoreCalculationCount>
    </singleBenchmarkResult>
    <singleBenchmarkResult xStreamId="29">
      <subSingleBenchmarkResult xStreamId="30">
        <subSingleBenchmarkIndex>0</subSingleBenchmarkIndex>
        <usedMemoryAfterInputSolution>77097536</usedMemoryAfterInputSolution>
        <succeeded>true</succeeded>
        <score class="org.optaplanner.core.api.score.buildin.bendable.BendableScore" xStreamId="31">[0/0]hard/[0/-66033000/0/-12000000/0/0]soft</score>
        <timeMillisSpent>95896</timeMillisSpent>
        <scoreCalculationCount>1806002</scoreCalculationCount>
      </subSingleBenchmarkResult>
      <timeMillisSpent>-1</timeMillisSpent>
      <scoreCalculationCount>-1</scoreCalculationCount>
    </singleBenchmarkResult>
    <singleBenchmarkResult xStreamId="32">
      <subSingleBenchmarkResult xStreamId="33">
        <subSingleBenchmarkIndex>0</subSingleBenchmarkIndex>
        <usedMemoryAfterInputSolution>77105600</usedMemoryAfterInputSolution>
        <succeeded>true</succeeded>
        <score class="org.optaplanner.core.api.score.buildin.bendable.BendableScore" xStreamId="34">[-3/0]hard/[0/-4282443/0/-772623/0/0]soft</score>
        <timeMillisSpent>8336685</timeMillisSpent>
        <scoreCalculationCount>21394955</scoreCalculationCount>
      </subSingleBenchmarkResult>
      <timeMillisSpent>-1</timeMillisSpent>
      <scoreCalculationCount>-1</scoreCalculationCount>
    </singleBenchmarkResult>
  </solverBenchmarkResult>
  <solverBenchmarkResult xStreamId="35">
    <name>First Fit (FIRST_FEASIBLE_SCORE_OR_NON_DETERIORATING_HARD)</name>
    <subSingleCount>1</subSingleCount>
    <solverConfig xStreamId="36">
      <solutionClass>org.kie.server.services.taskassigning.core.model.TaskAssigningSolution</solutionClass>
      <entityClass>org.kie.server.services.taskassigning.core.model.TaskOrUser</entityClass>
      <entityClass>org.kie.server.services.taskassigning.core.model.Task</entityClass>
      <scoreDirectorFactory xStreamId="37">
        <scoreDrl>org/kie/server/services/taskassigning/solver/taskAssigningScoreRules.drl</scoreDrl>
      </scoreDirectorFactory>
      <constructionHeuristic xStreamId="38">
        <constructionHeuristicType>FIRST_FIT</constructionHeuristicType>
        <forager xStreamId="39">
          <pickEarlyType>FIRST_FEASIBLE_SCORE_OR_NON_DETERIORATING_HARD</pickEarlyType>
        </forager>
      </constructionHeuristic>
    </solverConfig>
    <singleBenchmarkResult xStreamId="40">
      <subSingleBenchmarkResult xStreamId="41">
        <subSingleBenchmarkIndex>0</subSingleBenchmarkIndex>
        <usedMemoryAfterInputSolution>72966392</usedMemoryAfterInputSolution>
        <succeeded>true</succeeded>
        <score class="org.optaplanner.core.api.score.buildin.bendable.BendableScore" xStreamId="42">[0/0]hard/[0/-16516500/0/-3000000/0/0]soft</score>
        <timeMillisSpent>27429</timeMillisSpent>
        <scoreCalculationCount>303002</scoreCalculationCount>
      </subSingleBenchmarkResult>
      <timeMillisSpent>-1</timeMillisSpent>
      <scoreCalculationCount>-1</scoreCalculationCount>
    </singleBenchmarkResult>
    <singleBenchmarkResult xStreamId="43">
      <subSingleBenchmarkResult xStreamId="44">
        <subSingleBenchmarkIndex>0</subSingleBenchmarkIndex>
        <usedMemoryAfterInputSolution>72980640</usedMemoryAfterInputSolution>
        <succeeded>true</succeeded>
        <score class="org.optaplanner.core.api.score.buildin.bendable.BendableScore" xStreamId="45">[-3/0]hard/[0/-16516533/0/-3000003/0/0]soft</score>
        <timeMillisSpent>30211</timeMillisSpent>
        <scoreCalculationCount>307155</scoreCalculationCount>
      </subSingleBenchmarkResult>
      <timeMillisSpent>-1</timeMillisSpent>
      <scoreCalculationCount>-1</scoreCalculationCount>
    </singleBenchmarkResult>
    <singleBenchmarkResult xStreamId="46">
      <subSingleBenchmarkResult xStreamId="47">
        <subSingleBenchmarkIndex>0</subSingleBenchmarkIndex>
        <usedMemoryAfterInputSolution>77097712</usedMemoryAfterInputSolution>
        <succeeded>true</succeeded>
        <score class="org.optaplanner.core.api.score.buildin.bendable.BendableScore" xStreamId="48">[0/0]hard/[0/-66033000/0/-12000000/0/0]soft</score>
        <timeMillisSpent>95817</timeMillisSpent>
        <scoreCalculationCount>1806002</scoreCalculationCount>
      </subSingleBenchmarkResult>
      <timeMillisSpent>-1</timeMillisSpent>
      <scoreCalculationCount>-1</scoreCalculationCount>
    </singleBenchmarkResult>
    <singleBenchmarkResult xStreamId="49">
      <subSingleBenchmarkResult xStreamId="50">
        <subSingleBenchmarkIndex>0</subSingleBenchmarkIndex>
        <usedMemoryAfterInputSolution>74899472</usedMemoryAfterInputSolution>
        <succeeded>true</succeeded>
        <score class="org.optaplanner.core.api.score.buildin.bendable.BendableScore" xStreamId="51">[-3/0]hard/[0/-66033033/0/-12000003/0/0]soft</score>
        <timeMillisSpent>108749</timeMillisSpent>
        <scoreCalculationCount>1815205</scoreCalculationCount>
      </subSingleBenchmarkResult>
      <timeMillisSpent>-1</timeMillisSpent>
      <scoreCalculationCount>-1</scoreCalculationCount>
    </singleBenchmarkResult>
  </solverBenchmarkResult>
  <solverBenchmarkResult xStreamId="52">
    <name>First Fit Decreasing (FIRST_FEASIBLE_SCORE)</name>
    <subSingleCount>1</subSingleCount>
    <solverConfig xStreamId="53">
      <solutionClass>org.kie.server.services.taskassigning.core.model.TaskAssigningSolution</solutionClass>
      <entityClass>org.kie.server.services.taskassigning.core.model.TaskOrUser</entityClass>
      <entityClass>org.kie.server.services.taskassigning.core.model.Task</entityClass>
      <scoreDirectorFactory xStreamId="54">
        <scoreDrl>org/kie/server/services/taskassigning/solver/taskAssigningScoreRules.drl</scoreDrl>
      </scoreDirectorFactory>
      <constructionHeuristic xStreamId="55">
        <constructionHeuristicType>FIRST_FIT_DECREASING</constructionHeuristicType>
        <forager xStreamId="56">
          <pickEarlyType>FIRST_FEASIBLE_SCORE</pickEarlyType>
        </forager>
      </constructionHeuristic>
    </solverConfig>
    <singleBenchmarkResult xStreamId="57">
      <subSingleBenchmarkResult xStreamId="58">
        <subSingleBenchmarkIndex>0</subSingleBenchmarkIndex>
        <usedMemoryAfterInputSolution>72969640</usedMemoryAfterInputSolution>
        <succeeded>true</succeeded>
        <score class="org.optaplanner.core.api.score.buildin.bendable.BendableScore" xStreamId="59">[0/0]hard/[0/-16516500/0/-3000000/0/0]soft</score>
        <timeMillisSpent>26847</timeMillisSpent>
        <scoreCalculationCount>303002</scoreCalculationCount>
      </subSingleBenchmarkResult>
      <timeMillisSpent>-1</timeMillisSpent>
      <scoreCalculationCount>-1</scoreCalculationCount>
    </singleBenchmarkResult>
    <singleBenchmarkResult xStreamId="60">
      <subSingleBenchmarkResult xStreamId="61">
        <subSingleBenchmarkIndex>0</subSingleBenchmarkIndex>
        <usedMemoryAfterInputSolution>72983664</usedMemoryAfterInputSolution>
        <succeeded>true</succeeded>
        <score class="org.optaplanner.core.api.score.buildin.bendable.BendableScore" xStreamId="62">[-3/0]hard/[0/-16516533/0/-3000003/0/0]soft</score>
        <timeMillisSpent>48614</timeMillisSpent>
        <scoreCalculationCount>312905</scoreCalculationCount>
      </subSingleBenchmarkResult>
      <timeMillisSpent>-1</timeMillisSpent>
      <scoreCalculationCount>-1</scoreCalculationCount>
    </singleBenchmarkResult>
    <singleBenchmarkResult xStreamId="63">
      <subSingleBenchmarkResult xStreamId="64">
        <subSingleBenchmarkIndex>0</subSingleBenchmarkIndex>
        <usedMemoryAfterInputSolution>77098840</usedMemoryAfterInputSolution>
        <succeeded>true</succeeded>
        <score class="org.optaplanner.core.api.score.buildin.bendable.BendableScore" xStreamId="65">[0/0]hard/[0/-66033000/0/-12000000/0/0]soft</score>
        <timeMillisSpent>94992</timeMillisSpent>
        <scoreCalculationCount>1806002</scoreCalculationCount>
      </subSingleBenchmarkResult>
      <timeMillisSpent>-1</timeMillisSpent>
      <scoreCalculationCount>-1</scoreCalculationCount>
    </singleBenchmarkResult>
    <singleBenchmarkResult xStreamId="66">
      <subSingleBenchmarkResult xStreamId="67">
        <subSingleBenchmarkIndex>0</subSingleBenchmarkIndex>
        <usedMemoryAfterInputSolution>75010712</usedMemoryAfterInputSolution>
        <succeeded>true</succeeded>
        <score class="org.optaplanner.core.api.score.buildin.bendable.BendableScore" xStreamId="68">[-3/0]hard/[0/-66033033/0/-12000003/0/0]soft</score>
        <timeMillisSpent>186871</timeMillisSpent>
        <scoreCalculationCount>1826705</scoreCalculationCount>
      </subSingleBenchmarkResult>
      <timeMillisSpent>-1</timeMillisSpent>
      <scoreCalculationCount>-1</scoreCalculationCount>
    </singleBenchmarkResult>
  </solverBenchmarkResult>
  <solverBenchmarkResult xStreamId="69">
    <name>First Fit Decreasing (FIRST_FEASIBLE_SCORE_OR_NON_DETERIORATING_HARD)</name>
    <subSingleCount>1</subSingleCount>
    <solverConfig xStreamId="70">
      <solutionClass>org.kie.server.services.taskassigning.core.model.TaskAssigningSolution</solutionClass>
      <entityClass>org.kie.server.services.taskassigning.core.model.TaskOrUser</entityClass>
      <entityClass>org.kie.server.services.taskassigning.core.model.Task</entityClass>
      <scoreDirectorFactory xStreamId="71">
        <scoreDrl>org/kie/server/services/taskassigning/solver/taskAssigningScoreRules.drl</scoreDrl>
      </scoreDirectorFactory>
      <constructionHeuristic xStreamId="72">
        <constructionHeuristicType>FIRST_FIT_DECREASING</constructionHeuristicType>
        <forager xStreamId="73">
          <pickEarlyType>FIRST_FEASIBLE_SCORE_OR_NON_DETERIORATING_HARD</pickEarlyType>
        </forager>
      </constructionHeuristic>
    </solverConfig>
    <singleBenchmarkResult xStreamId="74">
      <subSingleBenchmarkResult xStreamId="75">
        <subSingleBenchmarkIndex>0</subSingleBenchmarkIndex>
        <usedMemoryAfterInputSolution>72972360</usedMemoryAfterInputSolution>
        <succeeded>true</succeeded>
        <score class="org.optaplanner.core.api.score.buildin.bendable.BendableScore" xStreamId="76">[0/0]hard/[0/-16516500/0/-3000000/0/0]soft</score>
        <timeMillisSpent>27447</timeMillisSpent>
        <scoreCalculationCount>303002</scoreCalculationCount>
      </subSingleBenchmarkResult>
      <timeMillisSpent>-1</timeMillisSpent>
      <scoreCalculationCount>-1</scoreCalculationCount>
    </singleBenchmarkResult>
    <singleBenchmarkResult xStreamId="77">
      <subSingleBenchmarkResult xStreamId="78">
        <subSingleBenchmarkIndex>0</subSingleBenchmarkIndex>
        <usedMemoryAfterInputSolution>72984336</usedMemoryAfterInputSolution>
        <succeeded>true</succeeded>
        <score class="org.optaplanner.core.api.score.buildin.bendable.BendableScore" xStreamId="79">[-3/0]hard/[0/-16516533/0/-3000003/0/0]soft</score>
        <timeMillisSpent>48092</timeMillisSpent>
        <scoreCalculationCount>312905</scoreCalculationCount>
      </subSingleBenchmarkResult>
      <timeMillisSpent>-1</timeMillisSpent>
      <scoreCalculationCount>-1</scoreCalculationCount>
    </singleBenchmarkResult>
    <singleBenchmarkResult xStreamId="80">
      <subSingleBenchmarkResult xStreamId="81">
        <subSingleBenchmarkIndex>0</subSingleBenchmarkIndex>
        <usedMemoryAfterInputSolution>77101024</usedMemoryAfterInputSolution>
        <succeeded>true</succeeded>
        <score class="org.optaplanner.core.api.score.buildin.bendable.BendableScore" xStreamId="82">[0/0]hard/[0/-66033000/0/-12000000/0/0]soft</score>
        <timeMillisSpent>94504</timeMillisSpent>
        <scoreCalculationCount>1806002</scoreCalculationCount>
      </subSingleBenchmarkResult>
      <timeMillisSpent>-1</timeMillisSpent>
      <scoreCalculationCount>-1</scoreCalculationCount>
    </singleBenchmarkResult>
    <singleBenchmarkResult xStreamId="83">
      <subSingleBenchmarkResult xStreamId="84">
        <subSingleBenchmarkIndex>0</subSingleBenchmarkIndex>
        <usedMemoryAfterInputSolution>75012912</usedMemoryAfterInputSolution>
        <succeeded>true</succeeded>
        <score class="org.optaplanner.core.api.score.buildin.bendable.BendableScore" xStreamId="85">[-3/0]hard/[0/-66033033/0/-12000003/0/0]soft</score>
        <timeMillisSpent>186916</timeMillisSpent>
        <scoreCalculationCount>1826705</scoreCalculationCount>
      </subSingleBenchmarkResult>
      <timeMillisSpent>-1</timeMillisSpent>
      <scoreCalculationCount>-1</scoreCalculationCount>
    </singleBenchmarkResult>
  </solverBenchmarkResult>
  <unifiedProblemBenchmarkResult xStreamId="86">
    <name>task-assigning-batch-3000-tasks-300users</name>
    <problemProvider class="fileProblemProvider" xStreamId="87">
      <problemFile>data/unsolved/task-assigning-batch-3000-tasks-300users.xml</problemFile>
    </problemProvider>
    <writeOutputSolutionEnabled>false</writeOutputSolutionEnabled>
    <problemStatistic class="bestScoreProblemStatistic" xStreamId="88">
      <problemStatisticType>BEST_SCORE</problemStatisticType>
    </problemStatistic>
    <singleBenchmarkResult xStreamRef="6"/>
    <singleBenchmarkResult xStreamRef="23"/>
    <singleBenchmarkResult xStreamRef="40"/>
    <singleBenchmarkResult xStreamRef="57"/>
    <singleBenchmarkResult xStreamRef="74"/>
    <entityCount>3000</entityCount>
    <variableCount>3000</variableCount>
    <maximumValueCount>3300</maximumValueCount>
    <problemScale>9900000</problemScale>
    <inputSolutionLoadingTimeMillisSpent>89</inputSolutionLoadingTimeMillisSpent>
  </unifiedProblemBenchmarkResult>
  <unifiedProblemBenchmarkResult xStreamId="89">
    <name>task-assigning-batch-3003-tasks-300users</name>
    <problemProvider class="fileProblemProvider" xStreamId="90">
      <problemFile>data/unsolved/task-assigning-batch-3003-tasks-300users.xml</problemFile>
    </problemProvider>
    <writeOutputSolutionEnabled>false</writeOutputSolutionEnabled>
    <problemStatistic class="bestScoreProblemStatistic" xStreamId="91">
      <problemStatisticType>BEST_SCORE</problemStatisticType>
    </problemStatistic>
    <singleBenchmarkResult xStreamRef="9"/>
    <singleBenchmarkResult xStreamRef="26"/>
    <singleBenchmarkResult xStreamRef="43"/>
    <singleBenchmarkResult xStreamRef="60"/>
    <singleBenchmarkResult xStreamRef="77"/>
    <entityCount>3003</entityCount>
    <variableCount>3003</variableCount>
    <maximumValueCount>3303</maximumValueCount>
    <problemScale>9918909</problemScale>
    <inputSolutionLoadingTimeMillisSpent>83</inputSolutionLoadingTimeMillisSpent>
  </unifiedProblemBenchmarkResult>
  <unifiedProblemBenchmarkResult xStreamId="92">
    <name>task-assigning-batch-6000-tasks-900users</name>
    <problemProvider class="fileProblemProvider" xStreamId="93">
      <problemFile>data/unsolved/task-assigning-batch-6000-tasks-900users.xml</problemFile>
    </problemProvider>
    <writeOutputSolutionEnabled>false</writeOutputSolutionEnabled>
    <problemStatistic class="bestScoreProblemStatistic" xStreamId="94">
      <problemStatisticType>BEST_SCORE</problemStatisticType>
    </problemStatistic>
    <singleBenchmarkResult xStreamRef="12"/>
    <singleBenchmarkResult xStreamRef="29"/>
    <singleBenchmarkResult xStreamRef="46"/>
    <singleBenchmarkResult xStreamRef="63"/>
    <singleBenchmarkResult xStreamRef="80"/>
    <entityCount>6000</entityCount>
    <variableCount>6000</variableCount>
    <maximumValueCount>6900</maximumValueCount>
    <problemScale>41400000</problemScale>
    <inputSolutionLoadingTimeMillisSpent>162</inputSolutionLoadingTimeMillisSpent>
  </unifiedProblemBenchmarkResult>
  <unifiedProblemBenchmarkResult xStreamId="95">
    <name>task-assigning-batch-6003-tasks-900users</name>
    <problemProvider class="fileProblemProvider" xStreamId="96">
      <problemFile>data/unsolved/task-assigning-batch-6003-tasks-900users.xml</problemFile>
    </problemProvider>
    <writeOutputSolutionEnabled>false</writeOutputSolutionEnabled>
    <problemStatistic class="bestScoreProblemStatistic" xStreamId="97">
      <problemStatisticType>BEST_SCORE</problemStatisticType>
    </problemStatistic>
    <singleBenchmarkResult xStreamRef="15"/>
    <singleBenchmarkResult xStreamRef="32"/>
    <singleBenchmarkResult xStreamRef="49"/>
    <singleBenchmarkResult xStreamRef="66"/>
    <singleBenchmarkResult xStreamRef="83"/>
    <entityCount>6003</entityCount>
    <variableCount>6003</variableCount>
    <maximumValueCount>6903</maximumValueCount>
    <problemScale>41438709</problemScale>
    <inputSolutionLoadingTimeMillisSpent>162</inputSolutionLoadingTimeMillisSpent>
  </unifiedProblemBenchmarkResult>
  <startingTimestamp>2020-05-13T18:36:35.087+02:00</startingTimestamp>
  <benchmarkTimeMillisSpent>12346931</benchmarkTimeMillisSpent>
</plannerBenchmarkResult>