<plannerBenchmarkResult xStreamId="1">
  <name>2020-05-14_110101</name>
  <aggregation>false</aggregation>
  <availableProcessors>8</availableProcessors>
  <loggingLevelOptaPlannerCore>debug</loggingLevelOptaPlannerCore>
  <loggingLevelDroolsCore>warn</loggingLevelDroolsCore>
  <maxMemory>7635730432</maxMemory>
  <optaPlannerVersion>7.38.0-SNAPSHOT</optaPlannerVersion>
  <javaVersion>Java 1.8.0_201 (Oracle Corporation)</javaVersion>
  <javaVM>Java Java HotSpot(TM) 64-Bit Server VM 25.201-b09 (Oracle Corporation)</javaVM>
  <operatingSystem>Linux amd64 4.15.0-99-generic</operatingSystem>
  <parallelBenchmarkCount>5</parallelBenchmarkCount>
  <warmUpTimeMillisSpentLimit>30</warmUpTimeMillisSpentLimit>
  <solverBenchmarkResult xStreamId="2">
    <name>Original configuration</name>
    <subSingleCount>1</subSingleCount>
    <solverConfig xStreamId="3">
      <solutionClass>org.kie.server.services.taskassigning.core.model.TaskAssigningSolution</solutionClass>
      <entityClass>org.kie.server.services.taskassigning.core.model.TaskOrUser</entityClass>
      <entityClass>org.kie.server.services.taskassigning.core.model.Task</entityClass>
      <scoreDirectorFactory xStreamId="4">
        <scoreDrl>org/kie/server/services/taskassigning/solver/taskAssigningScoreRules.drl</scoreDrl>
      </scoreDirectorFactory>
      <constructionHeuristic xStreamId="5"/>
    </solverConfig>
    <singleBenchmarkResult xStreamId="6">
      <subSingleBenchmarkResult xStreamId="7">
        <subSingleBenchmarkIndex>0</subSingleBenchmarkIndex>
        <succeeded>true</succeeded>
        <score class="org.optaplanner.core.api.score.buildin.bendable.BendableScore" xStreamId="8">[0/0]hard/[0/-181500/0/-30000/0/0]soft</score>
        <timeMillisSpent>347715</timeMillisSpent>
        <scoreCalculationCount>5398502</scoreCalculationCount>
      </subSingleBenchmarkResult>
      <timeMillisSpent>-1</timeMillisSpent>
      <scoreCalculationCount>-1</scoreCalculationCount>
    </singleBenchmarkResult>
  </solverBenchmarkResult>
  <solverBenchmarkResult xStreamId="9">
    <name>First Fit (FIRST_FEASIBLE_SCORE)</name>
    <subSingleCount>1</subSingleCount>
    <solverConfig xStreamId="10">
      <solutionClass>org.kie.server.services.taskassigning.core.model.TaskAssigningSolution</solutionClass>
      <entityClass>org.kie.server.services.taskassigning.core.model.TaskOrUser</entityClass>
      <entityClass>org.kie.server.services.taskassigning.core.model.Task</entityClass>
      <scoreDirectorFactory xStreamId="11">
        <scoreDrl>org/kie/server/services/taskassigning/solver/taskAssigningScoreRules.drl</scoreDrl>
      </scoreDirectorFactory>
      <constructionHeuristic xStreamId="12">
        <constructionHeuristicType>FIRST_FIT</constructionHeuristicType>
        <forager xStreamId="13">
          <pickEarlyType>FIRST_FEASIBLE_SCORE</pickEarlyType>
        </forager>
      </constructionHeuristic>
    </solverConfig>
    <singleBenchmarkResult xStreamId="14">
      <subSingleBenchmarkResult xStreamId="15">
        <subSingleBenchmarkIndex>0</subSingleBenchmarkIndex>
        <succeeded>true</succeeded>
        <score class="org.optaplanner.core.api.score.buildin.bendable.BendableScore" xStreamId="16">[0/0]hard/[0/-16516500/0/-3000000/0/0]soft</score>
        <timeMillisSpent>45731</timeMillisSpent>
        <scoreCalculationCount>303002</scoreCalculationCount>
      </subSingleBenchmarkResult>
      <timeMillisSpent>-1</timeMillisSpent>
      <scoreCalculationCount>-1</scoreCalculationCount>
    </singleBenchmarkResult>
  </solverBenchmarkResult>
  <solverBenchmarkResult xStreamId="17">
    <name>First Fit (FIRST_FEASIBLE_SCORE_OR_NON_DETERIORATING_HARD)</name>
    <subSingleCount>1</subSingleCount>
    <solverConfig xStreamId="18">
      <solutionClass>org.kie.server.services.taskassigning.core.model.TaskAssigningSolution</solutionClass>
      <entityClass>org.kie.server.services.taskassigning.core.model.TaskOrUser</entityClass>
      <entityClass>org.kie.server.services.taskassigning.core.model.Task</entityClass>
      <scoreDirectorFactory xStreamId="19">
        <scoreDrl>org/kie/server/services/taskassigning/solver/taskAssigningScoreRules.drl</scoreDrl>
      </scoreDirectorFactory>
      <constructionHeuristic xStreamId="20">
        <constructionHeuristicType>FIRST_FIT</constructionHeuristicType>
        <forager xStreamId="21">
          <pickEarlyType>FIRST_FEASIBLE_SCORE_OR_NON_DETERIORATING_HARD</pickEarlyType>
        </forager>
      </constructionHeuristic>
    </solverConfig>
    <singleBenchmarkResult xStreamId="22">
      <subSingleBenchmarkResult xStreamId="23">
        <subSingleBenchmarkIndex>0</subSingleBenchmarkIndex>
        <succeeded>true</succeeded>
        <score class="org.optaplanner.core.api.score.buildin.bendable.BendableScore" xStreamId="24">[0/0]hard/[0/-16516500/0/-3000000/0/0]soft</score>
        <timeMillisSpent>47596</timeMillisSpent>
        <scoreCalculationCount>303002</scoreCalculationCount>
      </subSingleBenchmarkResult>
      <timeMillisSpent>-1</timeMillisSpent>
      <scoreCalculationCount>-1</scoreCalculationCount>
    </singleBenchmarkResult>
  </solverBenchmarkResult>
  <solverBenchmarkResult xStreamId="25">
    <name>First Fit Decreasing (FIRST_FEASIBLE_SCORE)</name>
    <subSingleCount>1</subSingleCount>
    <solverConfig xStreamId="26">
      <solutionClass>org.kie.server.services.taskassigning.core.model.TaskAssigningSolution</solutionClass>
      <entityClass>org.kie.server.services.taskassigning.core.model.TaskOrUser</entityClass>
      <entityClass>org.kie.server.services.taskassigning.core.model.Task</entityClass>
      <scoreDirectorFactory xStreamId="27">
        <scoreDrl>org/kie/server/services/taskassigning/solver/taskAssigningScoreRules.drl</scoreDrl>
      </scoreDirectorFactory>
      <constructionHeuristic xStreamId="28">
        <constructionHeuristicType>FIRST_FIT_DECREASING</constructionHeuristicType>
        <forager xStreamId="29">
          <pickEarlyType>FIRST_FEASIBLE_SCORE</pickEarlyType>
        </forager>
      </constructionHeuristic>
    </solverConfig>
    <singleBenchmarkResult xStreamId="30">
      <subSingleBenchmarkResult xStreamId="31">
        <subSingleBenchmarkIndex>0</subSingleBenchmarkIndex>
        <succeeded>true</succeeded>
        <score class="org.optaplanner.core.api.score.buildin.bendable.BendableScore" xStreamId="32">[0/0]hard/[0/-16516500/0/-3000000/0/0]soft</score>
        <timeMillisSpent>49672</timeMillisSpent>
        <scoreCalculationCount>303002</scoreCalculationCount>
      </subSingleBenchmarkResult>
      <timeMillisSpent>-1</timeMillisSpent>
      <scoreCalculationCount>-1</scoreCalculationCount>
    </singleBenchmarkResult>
  </solverBenchmarkResult>
  <solverBenchmarkResult xStreamId="33">
    <name>First Fit Decreasing (FIRST_FEASIBLE_SCORE_OR_NON_DETERIORATING_HARD)</name>
    <subSingleCount>1</subSingleCount>
    <solverConfig xStreamId="34">
      <solutionClass>org.kie.server.services.taskassigning.core.model.TaskAssigningSolution</solutionClass>
      <entityClass>org.kie.server.services.taskassigning.core.model.TaskOrUser</entityClass>
      <entityClass>org.kie.server.services.taskassigning.core.model.Task</entityClass>
      <scoreDirectorFactory xStreamId="35">
        <scoreDrl>org/kie/server/services/taskassigning/solver/taskAssigningScoreRules.drl</scoreDrl>
      </scoreDirectorFactory>
      <constructionHeuristic xStreamId="36">
        <constructionHeuristicType>FIRST_FIT_DECREASING</constructionHeuristicType>
        <forager xStreamId="37">
          <pickEarlyType>FIRST_FEASIBLE_SCORE_OR_NON_DETERIORATING_HARD</pickEarlyType>
        </forager>
      </constructionHeuristic>
    </solverConfig>
    <singleBenchmarkResult xStreamId="38">
      <subSingleBenchmarkResult xStreamId="39">
        <subSingleBenchmarkIndex>0</subSingleBenchmarkIndex>
        <succeeded>true</succeeded>
        <score class="org.optaplanner.core.api.score.buildin.bendable.BendableScore" xStreamId="40">[0/0]hard/[0/-16516500/0/-3000000/0/0]soft</score>
        <timeMillisSpent>48395</timeMillisSpent>
        <scoreCalculationCount>303002</scoreCalculationCount>
      </subSingleBenchmarkResult>
      <timeMillisSpent>-1</timeMillisSpent>
      <scoreCalculationCount>-1</scoreCalculationCount>
    </singleBenchmarkResult>
  </solverBenchmarkResult>
  <unifiedProblemBenchmarkResult xStreamId="41">
    <name>task-assigning-batch-3000-tasks-300users</name>
    <problemProvider class="fileProblemProvider" xStreamId="42">
      <problemFile>data/unsolved/task-assigning-batch-3000-tasks-300users.xml</problemFile>
    </problemProvider>
    <writeOutputSolutionEnabled>false</writeOutputSolutionEnabled>
    <problemStatistic class="bestScoreProblemStatistic" xStreamId="43">
      <problemStatisticType>BEST_SCORE</problemStatisticType>
    </problemStatistic>
    <singleBenchmarkResult xStreamRef="6"/>
    <singleBenchmarkResult xStreamRef="14"/>
    <singleBenchmarkResult xStreamRef="22"/>
    <singleBenchmarkResult xStreamRef="30"/>
    <singleBenchmarkResult xStreamRef="38"/>
    <entityCount>3000</entityCount>
    <variableCount>3000</variableCount>
    <maximumValueCount>3300</maximumValueCount>
    <problemScale>9900000</problemScale>
    <inputSolutionLoadingTimeMillisSpent>328</inputSolutionLoadingTimeMillisSpent>
  </unifiedProblemBenchmarkResult>
  <startingTimestamp>2020-05-14T11:01:01.413+02:00</startingTimestamp>
  <benchmarkTimeMillisSpent>350054</benchmarkTimeMillisSpent>
</plannerBenchmarkResult>